{"errors":[],"warnings":[],"namedChunkGroups":{"app":{"chunks":[13,4],"assets":["webpack-runtime-6ce3bc100ca4f3818695.js","webpack-runtime-6ce3bc100ca4f3818695.js.map","app-c93f2534366d9b0c6ecc.js","app-c93f2534366d9b0c6ecc.js.map"],"children":{},"childAssets":{}},"component---node-modules-gatsby-plugin-offline-app-shell-js":{"chunks":[5],"assets":["component---node-modules-gatsby-plugin-offline-app-shell-js-554b9a695eb29cca4f78.js","component---node-modules-gatsby-plugin-offline-app-shell-js-554b9a695eb29cca4f78.js.map"],"children":{},"childAssets":{}},"component---src-templates-post-jsx":{"chunks":[0,2,12,1,6],"assets":["0.996290fd3efb0f900abd.css","0-f538097f4393b4f08fb4.js","0-f538097f4393b4f08fb4.js.map","2-f1ac7eed66141fc92f3f.js","2-f1ac7eed66141fc92f3f.js.map","12-d906c0b106b1e0902598.js","12-d906c0b106b1e0902598.js.map","1.a635c6d9d53091eb9e50.css","1-1e135d8ebd7e7addbd02.js","1-1e135d8ebd7e7addbd02.js.map","component---src-templates-post-jsx.a886592ba8eee0b26eb3.css","component---src-templates-post-jsx-7bbea961f40761b690c8.js","component---src-templates-post-jsx-7bbea961f40761b690c8.js.map"],"children":{},"childAssets":{}},"component---src-templates-tag-jsx":{"chunks":[0,2,1,3,7],"assets":["0.996290fd3efb0f900abd.css","0-f538097f4393b4f08fb4.js","0-f538097f4393b4f08fb4.js.map","2-f1ac7eed66141fc92f3f.js","2-f1ac7eed66141fc92f3f.js.map","1.a635c6d9d53091eb9e50.css","1-1e135d8ebd7e7addbd02.js","1-1e135d8ebd7e7addbd02.js.map","3.5b45ca12df3e7aa2ab91.css","3-27b61195805938571a3f.js","3-27b61195805938571a3f.js.map","component---src-templates-tag-jsx-dda5d8324dfc64aa7f1e.js","component---src-templates-tag-jsx-dda5d8324dfc64aa7f1e.js.map"],"children":{},"childAssets":{}},"component---src-templates-category-jsx":{"chunks":[0,2,1,3,8],"assets":["0.996290fd3efb0f900abd.css","0-f538097f4393b4f08fb4.js","0-f538097f4393b4f08fb4.js.map","2-f1ac7eed66141fc92f3f.js","2-f1ac7eed66141fc92f3f.js.map","1.a635c6d9d53091eb9e50.css","1-1e135d8ebd7e7addbd02.js","1-1e135d8ebd7e7addbd02.js.map","3.5b45ca12df3e7aa2ab91.css","3-27b61195805938571a3f.js","3-27b61195805938571a3f.js.map","component---src-templates-category-jsx-3e97dd337f5e8c61135a.js","component---src-templates-category-jsx-3e97dd337f5e8c61135a.js.map"],"children":{},"childAssets":{}},"component---src-pages-about-jsx":{"chunks":[0,1,9],"assets":["0.996290fd3efb0f900abd.css","0-f538097f4393b4f08fb4.js","0-f538097f4393b4f08fb4.js.map","1.a635c6d9d53091eb9e50.css","1-1e135d8ebd7e7addbd02.js","1-1e135d8ebd7e7addbd02.js.map","component---src-pages-about-jsx.0646532bad49e646239e.css","component---src-pages-about-jsx-4721ef4f19ebfadfff0f.js","component---src-pages-about-jsx-4721ef4f19ebfadfff0f.js.map"],"children":{},"childAssets":{}},"component---src-pages-index-jsx":{"chunks":[0,2,1,3,10],"assets":["0.996290fd3efb0f900abd.css","0-f538097f4393b4f08fb4.js","0-f538097f4393b4f08fb4.js.map","2-f1ac7eed66141fc92f3f.js","2-f1ac7eed66141fc92f3f.js.map","1.a635c6d9d53091eb9e50.css","1-1e135d8ebd7e7addbd02.js","1-1e135d8ebd7e7addbd02.js.map","3.5b45ca12df3e7aa2ab91.css","3-27b61195805938571a3f.js","3-27b61195805938571a3f.js.map","component---src-pages-index-jsx-ca811d37e8c652f4f42a.js","component---src-pages-index-jsx-ca811d37e8c652f4f42a.js.map"],"children":{},"childAssets":{}}},"assetsByChunkName":{"app":["webpack-runtime-6ce3bc100ca4f3818695.js","app-c93f2534366d9b0c6ecc.js"],"component---node-modules-gatsby-plugin-offline-app-shell-js":["component---node-modules-gatsby-plugin-offline-app-shell-js-554b9a695eb29cca4f78.js"],"component---src-templates-post-jsx":["0.996290fd3efb0f900abd.css","0-f538097f4393b4f08fb4.js","2-f1ac7eed66141fc92f3f.js","12-d906c0b106b1e0902598.js","1.a635c6d9d53091eb9e50.css","1-1e135d8ebd7e7addbd02.js","component---src-templates-post-jsx.a886592ba8eee0b26eb3.css","component---src-templates-post-jsx-7bbea961f40761b690c8.js"],"component---src-templates-tag-jsx":["0.996290fd3efb0f900abd.css","0-f538097f4393b4f08fb4.js","2-f1ac7eed66141fc92f3f.js","1.a635c6d9d53091eb9e50.css","1-1e135d8ebd7e7addbd02.js","3.5b45ca12df3e7aa2ab91.css","3-27b61195805938571a3f.js","component---src-templates-tag-jsx-dda5d8324dfc64aa7f1e.js"],"component---src-templates-category-jsx":["0.996290fd3efb0f900abd.css","0-f538097f4393b4f08fb4.js","2-f1ac7eed66141fc92f3f.js","1.a635c6d9d53091eb9e50.css","1-1e135d8ebd7e7addbd02.js","3.5b45ca12df3e7aa2ab91.css","3-27b61195805938571a3f.js","component---src-templates-category-jsx-3e97dd337f5e8c61135a.js"],"component---src-pages-about-jsx":["0.996290fd3efb0f900abd.css","0-f538097f4393b4f08fb4.js","1.a635c6d9d53091eb9e50.css","1-1e135d8ebd7e7addbd02.js","component---src-pages-about-jsx.0646532bad49e646239e.css","component---src-pages-about-jsx-4721ef4f19ebfadfff0f.js"],"component---src-pages-index-jsx":["0.996290fd3efb0f900abd.css","0-f538097f4393b4f08fb4.js","2-f1ac7eed66141fc92f3f.js","1.a635c6d9d53091eb9e50.css","1-1e135d8ebd7e7addbd02.js","3.5b45ca12df3e7aa2ab91.css","3-27b61195805938571a3f.js","component---src-pages-index-jsx-ca811d37e8c652f4f42a.js"]}}